Cluster,Customers,Recency_mean,Recency_median,Frequency_mean,Frequency_median,Monetary_mean,Monetary_median
1,1209,31.16790736145575,15.0,19.26633581472291,13.0,10685.921891645989,4996.45
2,2276,111.49956063268893,58.5,4.401581722319859,4.0,1551.0907464850613,1186.43
0,2393,371.60050146259925,392.0,1.5286251567070623,1.0,386.64528290848307,306.64
